symbol,date,price
Fisher,2015-07-31,3178
Arno,2015-07-31,4593
Temp,2015-07-31,3180
Vandelay,2015-07-31,2002
Harper,2015-07-31,265
Harris,2015-07-31,4805
Fisher,2015-08-01,0
Arno,2015-08-01,0
Temp,2015-08-01,0
Vandelay,2015-08-01,0
Harper,2015-08-01,0
Harris,2015-08-01,617
Fisher,2015-08-02,0
Arno,2015-08-02,0
Temp,2015-08-02,0
Vandelay,2015-08-02,0
Harper,2015-08-02,0
Harris,2015-08-02,0
Fisher,2015-08-03,3585
Arno,2015-08-03,6620
Temp,2015-08-03,0
Vandelay,2015-08-03,488
Harper,2015-08-03,0
Harris,2015-08-03,37085
Fisher,2015-08-04,4180
Arno,2015-08-04,17
Temp,2015-08-04,4732
Vandelay,2015-08-04,430
Harper,2015-08-04,0
Harris,2015-08-04,9469
Fisher,2015-08-05,0
Arno,2015-08-05,0
Temp,2015-08-05,160
Vandelay,2015-08-05,1040
Harper,2015-08-05,445
Harris,2015-08-05,7775
Fisher,2015-08-06,0
Arno,2015-08-06,0
Temp,2015-08-06,8675
Vandelay,2015-08-06,1617
Harper,2015-08-06,0
Harris,2015-08-06,6073
Fisher,2015-08-07,0
Arno,2015-08-07,5899
Temp,2015-08-07,6590
Vandelay,2015-08-07,681
Harper,2015-08-07,0
Harris,2015-08-07,8849
Fisher,2015-08-08,0
Arno,2015-08-08,0
Temp,2015-08-08,0
Vandelay,2015-08-08,0
Harper,2015-08-08,0
Harris,2015-08-08,0
Fisher,2015-08-09,0
Arno,2015-08-09,0
Temp,2015-08-09,0
Vandelay,2015-08-09,0
Harper,2015-08-09,0
Harris,2015-08-09,0
Fisher,2015-08-10,5460
Arno,2015-08-10,6907
Temp,2015-08-10,0
Vandelay,2015-08-10,1105
Harper,2015-08-10,24405
Harris,2015-08-10,31192
Fisher,2015-08-11,0
Arno,2015-08-11,108
Temp,2015-08-11,4994
Vandelay,2015-08-11,471
Harper,2015-08-11,1675
Harris,2015-08-11,8616
Fisher,2015-08-12,0
Arno,2015-08-12,235
Temp,2015-08-12,0
Vandelay,2015-08-12,1712
Harper,2015-08-12,8907
Harris,2015-08-12,9325
Fisher,2015-08-13,0
Arno,2015-08-13,330
Temp,2015-08-13,14573
Vandelay,2015-08-13,822
Harper,2015-08-13,6243
Harris,2015-08-13,4191
Fisher,2015-08-14,4206
Arno,2015-08-14,6950
Temp,2015-08-14,3410
Vandelay,2015-08-14,553
Harper,2015-08-14,0
Harris,2015-08-14,5136
Fisher,2015-08-15,0
Arno,2015-08-15,0
Temp,2015-08-15,0
Vandelay,2015-08-15,0
Harper,2015-08-15,0
Harris,2015-08-15,0
Fisher,2015-08-16,0
Arno,2015-08-16,0
Temp,2015-08-16,0
Vandelay,2015-08-16,0
Harper,2015-08-16,0
Harris,2015-08-16,0
Fisher,2015-08-17,3910
Arno,2015-08-17,7890
Temp,2015-08-17,0
Vandelay,2015-08-17,399
Harper,2015-08-17,0
Harris,2015-08-17,37105
Fisher,2015-08-18,3640
Arno,2015-08-18,0
Temp,2015-08-18,0
Vandelay,2015-08-18,1138
Harper,2015-08-18,24313
Harris,2015-08-18,7895
Fisher,2015-08-19,160
Arno,2015-08-19,0
Temp,2015-08-19,0
Vandelay,2015-08-19,1156
Harper,2015-08-19,8444
Harris,2015-08-19,12317
Fisher,2015-08-20,0
Arno,2015-08-20,0
Temp,2015-08-20,8745
Vandelay,2015-08-20,149
Harper,2015-08-20,6325
Harris,2015-08-20,5885
Fisher,2015-08-21,0
Arno,2015-08-21,7030
Temp,2015-08-21,3307
Vandelay,2015-08-21,0
Harper,2015-08-21,0
Harris,2015-08-21,7256
Fisher,2015-08-22,0
Arno,2015-08-22,0
Temp,2015-08-22,0
Vandelay,2015-08-22,0
Harper,2015-08-22,0
Harris,2015-08-22,0
Fisher,2015-08-23,0
Arno,2015-08-23,0
Temp,2015-08-23,0
Vandelay,2015-08-23,0
Harper,2015-08-23,0
Harris,2015-08-23,0
Fisher,2015-08-24,5560
Arno,2015-08-24,4690
Temp,2015-08-24,0
Vandelay,2015-08-24,2266
Harper,2015-08-24,0
Harris,2015-08-24,39813
Fisher,2015-08-25,3830
Arno,2015-08-25,95
Temp,2015-08-25,0
Vandelay,2015-08-25,4057
Harper,2015-08-25,2473
Harris,2015-08-25,8265
Fisher,2015-08-26,0
Arno,2015-08-26,0
Temp,2015-08-26,150
Vandelay,2015-08-26,1589
Harper,2015-08-26,13583
Harris,2015-08-26,9654
Fisher,2015-08-27,0
Arno,2015-08-27,0
Temp,2015-08-27,6980
Vandelay,2015-08-27,4368
Harper,2015-08-27,5180
Harris,2015-08-27,6636
Fisher,2015-08-28,0
Arno,2015-08-28,8474
Temp,2015-08-28,5601
Vandelay,2015-08-28,2753
Harper,2015-08-28,781
Harris,2015-08-28,7488
Fisher,2015-08-29,0
Arno,2015-08-29,0
Temp,2015-08-29,0
Vandelay,2015-08-29,0
Harper,2015-08-29,0
Harris,2015-08-29,0
Fisher,2015-08-30,0
Arno,2015-08-30,0
Temp,2015-08-30,0
Vandelay,2015-08-30,0
Harper,2015-08-30,0
Harris,2015-08-30,0
Fisher,2015-08-31,4260
Arno,2015-08-31,6158
Temp,2015-08-31,160
Vandelay,2015-08-31,1513
Harper,2015-08-31,5830
Harris,2015-08-31,34593
Fisher,2015-09-01,4515
Arno,2015-09-01,0
Temp,2015-09-01,160
Vandelay,2015-09-01,2552
Harper,2015-09-01,9610
Harris,2015-09-01,8477
Fisher,2015-09-02,0
Arno,2015-09-02,24
Temp,2015-09-02,0
Vandelay,2015-09-02,2124
Harper,2015-09-02,9146
Harris,2015-09-02,8940
Fisher,2015-09-03,0
Arno,2015-09-03,0
Temp,2015-09-03,0
Vandelay,2015-09-03,1952
Harper,2015-09-03,4985
Harris,2015-09-03,4756
Fisher,2015-09-04,0
Arno,2015-09-04,6823
Temp,2015-09-04,0
Vandelay,2015-09-04,3631
Harper,2015-09-04,127
Harris,2015-09-04,8146
Fisher,2015-09-05,0
Arno,2015-09-05,0
Temp,2015-09-05,0
Vandelay,2015-09-05,0
Harper,2015-09-05,0
Harris,2015-09-05,0
Fisher,2015-09-06,0
Arno,2015-09-06,0
Temp,2015-09-06,0
Vandelay,2015-09-06,0
Harper,2015-09-06,0
Harris,2015-09-06,0
Fisher,2015-09-07,0
Arno,2015-09-07,0
Temp,2015-09-07,0
Vandelay,2015-09-07,0
Harper,2015-09-07,0
Harris,2015-09-07,0
Fisher,2015-09-08,4765
Arno,2015-09-08,0
Temp,2015-09-08,0
Vandelay,2015-09-08,652
Harper,2015-09-08,0
Harris,2015-09-08,8670
Fisher,2015-09-09,0
Arno,2015-09-09,0
Temp,2015-09-09,300
Vandelay,2015-09-09,0
Harper,2015-09-09,11256
Harris,2015-09-09,10727
Fisher,2015-09-10,0
Arno,2015-09-10,0
Temp,2015-09-10,11660
Vandelay,2015-09-10,0
Harper,2015-09-10,5136
Harris,2015-09-10,6227
Fisher,2015-09-11,0
Arno,2015-09-11,8149
Temp,2015-09-11,5754
Vandelay,2015-09-11,0
Harper,2015-09-11,0
Harris,2015-09-11,6770
Fisher,2015-09-12,0
Arno,2015-09-12,0
Temp,2015-09-12,0
Vandelay,2015-09-12,0
Harper,2015-09-12,0
Harris,2015-09-12,0
Fisher,2015-09-13,0
Arno,2015-09-13,0
Temp,2015-09-13,0
Vandelay,2015-09-13,0
Harper,2015-09-13,0
Harris,2015-09-13,0
Fisher,2015-09-14,5050
Arno,2015-09-14,7454
Temp,2015-09-14,0
Vandelay,2015-09-14,2302
Harper,2015-09-14,15591
Harris,2015-09-14,40524
Fisher,2015-09-15,3252
Arno,2015-09-15,0
Temp,2015-09-15,491
Vandelay,2015-09-15,1471
Harper,2015-09-15,12143
Harris,2015-09-15,8100
Fisher,2015-09-16,0
Arno,2015-09-16,0
Temp,2015-09-16,5
Vandelay,2015-09-16,2084
Harper,2015-09-16,9780
Harris,2015-09-16,8590
Fisher,2015-09-17,0
Arno,2015-09-17,165
Temp,2015-09-17,5830
Vandelay,2015-09-17,2350
Harper,2015-09-17,5682
Harris,2015-09-17,7545
Fisher,2015-09-18,0
Arno,2015-09-18,7969
Temp,2015-09-18,0
Vandelay,2015-09-18,1054
Harper,2015-09-18,100
Harris,2015-09-18,6270
Fisher,2015-09-19,0
Arno,2015-09-19,0
Temp,2015-09-19,0
Vandelay,2015-09-19,0
Harper,2015-09-19,0
Harris,2015-09-19,0
Fisher,2015-09-20,0
Arno,2015-09-20,0
Temp,2015-09-20,0
Vandelay,2015-09-20,0
Harper,2015-09-20,0
Harris,2015-09-20,0
Fisher,2015-09-21,5115
Arno,2015-09-21,6894
Temp,2015-09-21,0
Vandelay,2015-09-21,888
Harper,2015-09-21,260
Harris,2015-09-21,34347
Fisher,2015-09-22,4480
Arno,2015-09-22,0
Temp,2015-09-22,0
Vandelay,2015-09-22,803
Harper,2015-09-22,0
Harris,2015-09-22,10386
Fisher,2015-09-23,0
Arno,2015-09-23,0
Temp,2015-09-23,0
Vandelay,2015-09-23,1615
Harper,2015-09-23,8455
Harris,2015-09-23,9320
Fisher,2015-09-24,0
Arno,2015-09-24,0
Temp,2015-09-24,1099
Vandelay,2015-09-24,3263
Harper,2015-09-24,3922
Harris,2015-09-24,5540
Fisher,2015-09-25,0
Arno,2015-09-25,7033
Temp,2015-09-25,6081
Vandelay,2015-09-25,2676
Harper,2015-09-25,85
Harris,2015-09-25,9291
Fisher,2015-09-26,0
Arno,2015-09-26,0
Temp,2015-09-26,0
Vandelay,2015-09-26,0
Harper,2015-09-26,0
Harris,2015-09-26,0
Fisher,2015-09-27,0
Arno,2015-09-27,0
Temp,2015-09-27,0
Vandelay,2015-09-27,0
Harper,2015-09-27,0
Harris,2015-09-27,0
Fisher,2015-09-28,4825
Arno,2015-09-28,9118
Temp,2015-09-28,0
Vandelay,2015-09-28,951
Harper,2015-09-28,0
Harris,2015-09-28,40399
Fisher,2015-09-29,3505
Arno,2015-09-29,0
Temp,2015-09-29,0
Vandelay,2015-09-29,1171
Harper,2015-09-29,14575
Harris,2015-09-29,6855
Fisher,2015-09-30,0
Arno,2015-09-30,0
Temp,2015-09-30,0
Vandelay,2015-09-30,2211
Harper,2015-09-30,6840
Harris,2015-09-30,10270
Fisher,2015-10-01,0
Arno,2015-10-01,0
Temp,2015-10-01,0
Vandelay,2015-10-01,2505
Harper,2015-10-01,3990
Harris,2015-10-01,2255
Fisher,2015-10-02,0
Arno,2015-10-02,7678
Temp,2015-10-02,2831
Vandelay,2015-10-02,1945
Harper,2015-10-02,0
Harris,2015-10-02,6761
Fisher,2015-10-03,0
Arno,2015-10-03,0
Temp,2015-10-03,0
Vandelay,2015-10-03,0
Harper,2015-10-03,0
Harris,2015-10-03,0
Fisher,2015-10-04,0
Arno,2015-10-04,0
Temp,2015-10-04,0
Vandelay,2015-10-04,0
Harper,2015-10-04,0
Harris,2015-10-04,0
Fisher,2015-10-05,4000
Arno,2015-10-05,7495
Temp,2015-10-05,0
Vandelay,2015-10-05,608
Harper,2015-10-05,0
Harris,2015-10-05,36858
Fisher,2015-10-06,4175
Arno,2015-10-06,0
Temp,2015-10-06,0
Vandelay,2015-10-06,1160
Harper,2015-10-06,0
Harris,2015-10-06,7185
Fisher,2015-10-07,0
Arno,2015-10-07,0
Temp,2015-10-07,0
Vandelay,2015-10-07,1271
Harper,2015-10-07,8515
Harris,2015-10-07,9681
Fisher,2015-10-08,0
Arno,2015-10-08,0
Temp,2015-10-08,14160
Vandelay,2015-10-08,1750
Harper,2015-10-08,3846
Harris,2015-10-08,4371
Fisher,2015-10-09,0
Arno,2015-10-09,8694
Temp,2015-10-09,3071
Vandelay,2015-10-09,0
Harper,2015-10-09,325
Harris,2015-10-09,6170
Fisher,2015-10-10,0
Arno,2015-10-10,0
Temp,2015-10-10,0
Vandelay,2015-10-10,0
Harper,2015-10-10,0
Harris,2015-10-10,0
Fisher,2015-10-11,0
Arno,2015-10-11,0
Temp,2015-10-11,0
Vandelay,2015-10-11,0
Harper,2015-10-11,0
Harris,2015-10-11,0
Fisher,2015-10-12,3830
Arno,2015-10-12,4625
Temp,2015-10-12,0
Vandelay,2015-10-12,1331
Harper,2015-10-12,0
Harris,2015-10-12,36433
Fisher,2015-10-13,4195
Arno,2015-10-13,0
Temp,2015-10-13,15
Vandelay,2015-10-13,1532
Harper,2015-10-13,20405
Harris,2015-10-13,9135
Fisher,2015-10-14,0
Arno,2015-10-14,0
Temp,2015-10-14,0
Vandelay,2015-10-14,954
Harper,2015-10-14,11045
Harris,2015-10-14,11979
Fisher,2015-10-15,0
Arno,2015-10-15,0
Temp,2015-10-15,2198
Vandelay,2015-10-15,1184
Harper,2015-10-15,6416
Harris,2015-10-15,6639
Fisher,2015-10-16,0
Arno,2015-10-16,8484
Temp,2015-10-16,4097
Vandelay,2015-10-16,2116
Harper,2015-10-16,20124
Harris,2015-10-16,5599
Fisher,2015-10-17,0
Arno,2015-10-17,0
Temp,2015-10-17,0
Vandelay,2015-10-17,0
Harper,2015-10-17,0
Harris,2015-10-17,0
Fisher,2015-10-18,0
Arno,2015-10-18,0
Temp,2015-10-18,0
Vandelay,2015-10-18,0
Harper,2015-10-18,0
Harris,2015-10-18,386
Fisher,2015-10-19,4705
Arno,2015-10-19,7920
Temp,2015-10-19,115
Vandelay,2015-10-19,1180
Harper,2015-10-19,1496
Harris,2015-10-19,24928
Fisher,2015-10-20,3894
Arno,2015-10-20,0
Temp,2015-10-20,0
Vandelay,2015-10-20,814
Harper,2015-10-20,11845
Harris,2015-10-20,5350
Fisher,2015-10-21,0
Arno,2015-10-21,0
Temp,2015-10-21,0
Vandelay,2015-10-21,1894
Harper,2015-10-21,7630
Harris,2015-10-21,8623
Fisher,2015-10-22,0
Arno,2015-10-22,0
Temp,2015-10-22,4550
Vandelay,2015-10-22,788
Harper,2015-10-22,3991
Harris,2015-10-22,5981
Fisher,2015-10-23,0
Arno,2015-10-23,6764
Temp,2015-10-23,2781
Vandelay,2015-10-23,1010
Harper,2015-10-23,0
Harris,2015-10-23,6084
Fisher,2015-10-24,0
Arno,2015-10-24,0
Temp,2015-10-24,0
Vandelay,2015-10-24,0
Harper,2015-10-24,0
Harris,2015-10-24,0
Fisher,2015-10-25,0
Arno,2015-10-25,0
Temp,2015-10-25,0
Vandelay,2015-10-25,0
Harper,2015-10-25,0
Harris,2015-10-25,0
Fisher,2015-10-26,4765
Arno,2015-10-26,6412
Temp,2015-10-26,0
Vandelay,2015-10-26,224
Harper,2015-10-26,0
Harris,2015-10-26,31588
Fisher,2015-10-27,4080
Arno,2015-10-27,0
Temp,2015-10-27,160
Vandelay,2015-10-27,0
Harper,2015-10-27,8745
Harris,2015-10-27,8540
Fisher,2015-10-28,0
Arno,2015-10-28,0
Temp,2015-10-28,0
Vandelay,2015-10-28,2132
Harper,2015-10-28,7045
Harris,2015-10-28,11032
Fisher,2015-10-29,0
Arno,2015-10-29,0
Temp,2015-10-29,2915
Vandelay,2015-10-29,1197
Harper,2015-10-29,5425
Harris,2015-10-29,5081
Fisher,2015-10-30,0
Arno,2015-10-30,7079
Temp,2015-10-30,3263
Vandelay,2015-10-30,0
Harper,2015-10-30,0
Harris,2015-10-30,8939
Fisher,2015-10-31,0
Arno,2015-10-31,0
Temp,2015-10-31,0
Vandelay,2015-10-31,0
Harper,2015-10-31,0
Harris,2015-10-31,0
Fisher,2015-11-01,0
Arno,2015-11-01,0
Temp,2015-11-01,0
Vandelay,2015-11-01,0
Harper,2015-11-01,0
Harris,2015-11-01,0
Fisher,2015-11-02,3160
Arno,2015-11-02,7539
Temp,2015-11-02,0
Vandelay,2015-11-02,1740
Harper,2015-11-02,0
Harris,2015-11-02,33646
Fisher,2015-11-03,3660
Arno,2015-11-03,0
Temp,2015-11-03,0
Vandelay,2015-11-03,1023
Harper,2015-11-03,8745
Harris,2015-11-03,6600
Fisher,2015-11-04,0
Arno,2015-11-04,15
Temp,2015-11-04,280
Vandelay,2015-11-04,1525
Harper,2015-11-04,5505
Harris,2015-11-04,9455
Fisher,2015-11-05,0
Arno,2015-11-05,0
Temp,2015-11-05,0
Vandelay,2015-11-05,2490
Harper,2015-11-05,4355
Harris,2015-11-05,3230
Fisher,2015-11-06,0
Arno,2015-11-06,144
Temp,2015-11-06,0
Vandelay,2015-11-06,936
Harper,2015-11-06,0
Harris,2015-11-06,6209
Fisher,2015-11-07,0
Arno,2015-11-07,0
Temp,2015-11-07,0
Vandelay,2015-11-07,0
Harper,2015-11-07,0
Harris,2015-11-07,0
Fisher,2015-11-08,0
Arno,2015-11-08,0
Temp,2015-11-08,0
Vandelay,2015-11-08,0
Harper,2015-11-08,0
Harris,2015-11-08,0
Fisher,2015-11-09,4820
Arno,2015-11-09,7147
Temp,2015-11-09,0
Vandelay,2015-11-09,1049
Harper,2015-11-09,0
Harris,2015-11-09,41710
Fisher,2015-11-10,3535
Arno,2015-11-10,0
Temp,2015-11-10,0
Vandelay,2015-11-10,2158
Harper,2015-11-10,0
Harris,2015-11-10,9278
Fisher,2015-11-11,0
Arno,2015-11-11,0
Temp,2015-11-11,280
Vandelay,2015-11-11,2913
Harper,2015-11-11,7765
Harris,2015-11-11,235
Fisher,2015-11-12,0
Arno,2015-11-12,0
Temp,2015-11-12,0
Vandelay,2015-11-12,1408
Harper,2015-11-12,4890
Harris,2015-11-12,2620
Fisher,2015-11-13,0
Arno,2015-11-13,6840
Temp,2015-11-13,0
Vandelay,2015-11-13,1841
Harper,2015-11-13,0
Harris,2015-11-13,7935
Fisher,2015-11-14,0
Arno,2015-11-14,0
Temp,2015-11-14,0
Vandelay,2015-11-14,0
Harper,2015-11-14,0
Harris,2015-11-14,0
Fisher,2015-11-15,0
Arno,2015-11-15,0
Temp,2015-11-15,0
Vandelay,2015-11-15,0
Harper,2015-11-15,0
Harris,2015-11-15,0
Fisher,2015-11-16,0
Arno,2015-11-16,4894
Temp,2015-11-16,2800
Vandelay,2015-11-16,847
Harper,2015-11-16,0
Harris,2015-11-16,21688
Fisher,2015-11-17,0
Arno,2015-11-17,0
Temp,2015-11-17,0
Vandelay,2015-11-17,165
Harper,2015-11-17,14610
Harris,2015-11-17,0
Fisher,2015-11-18,0
Arno,2015-11-18,0
Temp,2015-11-18,0
Vandelay,2015-11-18,851
Harper,2015-11-18,9497
Harris,2015-11-18,6750
Fisher,2015-11-19,0
Arno,2015-11-19,0
Temp,2015-11-19,0
Vandelay,2015-11-19,2946
Harper,2015-11-19,4875
Harris,2015-11-19,4555
Fisher,2015-11-20,0
Arno,2015-11-20,7741
Temp,2015-11-20,0
Vandelay,2015-11-20,1259
Harper,2015-11-20,265
Harris,2015-11-20,6795
Fisher,2015-11-21,0
Arno,2015-11-21,0
Temp,2015-11-21,0
Vandelay,2015-11-21,0
Harper,2015-11-21,0
Harris,2015-11-21,0
Fisher,2015-11-22,0
Arno,2015-11-22,0
Temp,2015-11-22,0
Vandelay,2015-11-22,0
Harper,2015-11-22,0
Harris,2015-11-22,0
Fisher,2015-11-23,4160
Arno,2015-11-23,7004
Temp,2015-11-23,0
Vandelay,2015-11-23,430
Harper,2015-11-23,0
Harris,2015-11-23,37673
Fisher,2015-11-24,2925
Arno,2015-11-24,10
Temp,2015-11-24,0
Vandelay,2015-11-24,1846
Harper,2015-11-24,2915
Harris,2015-11-24,10011
Fisher,2015-11-25,0
Arno,2015-11-25,0
Temp,2015-11-25,0
Vandelay,2015-11-25,283
Harper,2015-11-25,6944
Harris,2015-11-25,6240
Fisher,2015-11-26,0
Arno,2015-11-26,0
Temp,2015-11-26,0
Vandelay,2015-11-26,0
Harper,2015-11-26,0
Harris,2015-11-26,0
Fisher,2015-11-27,0
Arno,2015-11-27,0
Temp,2015-11-27,0
Vandelay,2015-11-27,0
Harper,2015-11-27,0
Harris,2015-11-27,0
Fisher,2015-11-28,0
Arno,2015-11-28,0
Temp,2015-11-28,0
Vandelay,2015-11-28,0
Harper,2015-11-28,0
Harris,2015-11-28,0
Fisher,2015-11-29,0
Arno,2015-11-29,0
Temp,2015-11-29,0
Vandelay,2015-11-29,0
Harper,2015-11-29,0
Harris,2015-11-29,0
Fisher,2015-11-30,2791
Arno,2015-11-30,7991
Temp,2015-11-30,0
Vandelay,2015-11-30,1758
Harper,2015-11-30,0
Harris,2015-11-30,31569
Fisher,2015-12-01,1650
Arno,2015-12-01,165
Temp,2015-12-01,0
Vandelay,2015-12-01,443
Harper,2015-12-01,23255
Harris,2015-12-01,7134
Fisher,2015-12-02,0
Arno,2015-12-02,0
Temp,2015-12-02,0
Vandelay,2015-12-02,344
Harper,2015-12-02,5942
Harris,2015-12-02,7160
Fisher,2015-12-03,0
Arno,2015-12-03,0
Temp,2015-12-03,0
Vandelay,2015-12-03,319
Harper,2015-12-03,4057
Harris,2015-12-03,6190
Fisher,2015-12-04,0
Arno,2015-12-04,6985
Temp,2015-12-04,0
Vandelay,2015-12-04,1036
Harper,2015-12-04,888
Harris,2015-12-04,4333
Fisher,2015-12-05,0
Arno,2015-12-05,0
Temp,2015-12-05,0
Vandelay,2015-12-05,0
Harper,2015-12-05,0
Harris,2015-12-05,0
Fisher,2015-12-06,0
Arno,2015-12-06,0
Temp,2015-12-06,0
Vandelay,2015-12-06,0
Harper,2015-12-06,0
Harris,2015-12-06,0
Fisher,2015-12-07,2485
Arno,2015-12-07,6447
Temp,2015-12-07,0
Vandelay,2015-12-07,1618
Harper,2015-12-07,5
Harris,2015-12-07,39177
Fisher,2015-12-08,2740
Arno,2015-12-08,0
Temp,2015-12-08,0
Vandelay,2015-12-08,859
Harper,2015-12-08,1
Harris,2015-12-08,4625
Fisher,2015-12-09,0
Arno,2015-12-09,0
Temp,2015-12-09,0
Vandelay,2015-12-09,2000
Harper,2015-12-09,7916
Harris,2015-12-09,6105
Fisher,2015-12-10,0
Arno,2015-12-10,0
Temp,2015-12-10,0
Vandelay,2015-12-10,1536
Harper,2015-12-10,4095
Harris,2015-12-10,3681
Fisher,2015-12-11,0
Arno,2015-12-11,6003
Temp,2015-12-11,0
Vandelay,2015-12-11,1501
Harper,2015-12-11,0
Harris,2015-12-11,5595
Fisher,2015-12-12,0
Arno,2015-12-12,0
Temp,2015-12-12,0
Vandelay,2015-12-12,0
Harper,2015-12-12,0
Harris,2015-12-12,0
Fisher,2015-12-13,0
Arno,2015-12-13,0
Temp,2015-12-13,0
Vandelay,2015-12-13,0
Harper,2015-12-13,0
Harris,2015-12-13,0
Fisher,2015-12-14,3910
Arno,2015-12-14,7639
Temp,2015-12-14,0
Vandelay,2015-12-14,830
Harper,2015-12-14,1990
Harris,2015-12-14,38011
Fisher,2015-12-15,3540
Arno,2015-12-15,0
Temp,2015-12-15,155
Vandelay,2015-12-15,1957
Harper,2015-12-15,13858
Harris,2015-12-15,7777
Fisher,2015-12-16,0
Arno,2015-12-16,120
Temp,2015-12-16,0
Vandelay,2015-12-16,463
Harper,2015-12-16,6960
Harris,2015-12-16,8889
Fisher,2015-12-17,0
Arno,2015-12-17,0
Temp,2015-12-17,0
Vandelay,2015-12-17,748
Harper,2015-12-17,3264
Harris,2015-12-17,9476
Fisher,2015-12-18,0
Arno,2015-12-18,7360
Temp,2015-12-18,0
Vandelay,2015-12-18,484
Harper,2015-12-18,0
Harris,2015-12-18,8648
Fisher,2015-12-19,0
Arno,2015-12-19,0
Temp,2015-12-19,0
Vandelay,2015-12-19,0
Harper,2015-12-19,0
Harris,2015-12-19,372
Fisher,2015-12-20,0
Arno,2015-12-20,0
Temp,2015-12-20,0
Vandelay,2015-12-20,0
Harper,2015-12-20,0
Harris,2015-12-20,0
Fisher,2015-12-21,3299
Arno,2015-12-21,7304
Temp,2015-12-21,0
Vandelay,2015-12-21,658
Harper,2015-12-21,160
Harris,2015-12-21,28750
Fisher,2015-12-22,3205
Arno,2015-12-22,0
Temp,2015-12-22,0
Vandelay,2015-12-22,1300
Harper,2015-12-22,480
Harris,2015-12-22,8515
Fisher,2015-12-23,0
Arno,2015-12-23,0
Temp,2015-12-23,0
Vandelay,2015-12-23,0
Harper,2015-12-23,0
Harris,2015-12-23,0
Fisher,2015-12-24,0
Arno,2015-12-24,0
Temp,2015-12-24,0
Vandelay,2015-12-24,0
Harper,2015-12-24,0
Harris,2015-12-24,0
Fisher,2015-12-25,0
Arno,2015-12-25,0
Temp,2015-12-25,0
Vandelay,2015-12-25,0
Harper,2015-12-25,0
Harris,2015-12-25,0
Fisher,2015-12-26,0
Arno,2015-12-26,0
Temp,2015-12-26,0
Vandelay,2015-12-26,0
Harper,2015-12-26,0
Harris,2015-12-26,0
Fisher,2015-12-27,0
Arno,2015-12-27,0
Temp,2015-12-27,0
Vandelay,2015-12-27,0
Harper,2015-12-27,0
Harris,2015-12-27,0
Fisher,2015-12-28,2505
Arno,2015-12-28,8626
Temp,2015-12-28,0
Vandelay,2015-12-28,968
Harper,2015-12-28,0
Harris,2015-12-28,19976
Fisher,2015-12-29,2650
Arno,2015-12-29,0
Temp,2015-12-29,0
Vandelay,2015-12-29,167
Harper,2015-12-29,0
Harris,2015-12-29,7403
Fisher,2015-12-30,0
Arno,2015-12-30,0
Temp,2015-12-30,0
Vandelay,2015-12-30,1667
Harper,2015-12-30,100
Harris,2015-12-30,7350
Fisher,2015-12-31,0
Arno,2015-12-31,0
Temp,2015-12-31,0
Vandelay,2015-12-31,1904
Harper,2015-12-31,0
Harris,2015-12-31,3260
Fisher,2016-01-01,0
Arno,2016-01-01,0
Temp,2016-01-01,0
Vandelay,2016-01-01,0
Harper,2016-01-01,0
Harris,2016-01-01,0
Fisher,2016-01-02,0
Arno,2016-01-02,0
Temp,2016-01-02,0
Vandelay,2016-01-02,0
Harper,2016-01-02,0
Harris,2016-01-02,0
Fisher,2016-01-03,0
Arno,2016-01-03,0
Temp,2016-01-03,0
Vandelay,2016-01-03,0
Harper,2016-01-03,0
Harris,2016-01-03,0
Fisher,2016-01-04,3815
Arno,2016-01-04,8794
Temp,2016-01-04,0
Vandelay,2016-01-04,700
Harper,2016-01-04,15
Harris,2016-01-04,3750
Fisher,2016-01-05,3325
Arno,2016-01-05,0
Temp,2016-01-05,0
Vandelay,2016-01-05,1425
Harper,2016-01-05,2915
Harris,2016-01-05,6630
Fisher,2016-01-06,0
Arno,2016-01-06,0
Temp,2016-01-06,0
Vandelay,2016-01-06,717
Harper,2016-01-06,8818
Harris,2016-01-06,0
Fisher,2016-01-07,0
Arno,2016-01-07,0
Temp,2016-01-07,0
Vandelay,2016-01-07,258
Harper,2016-01-07,3026
Harris,2016-01-07,0
Fisher,2016-01-08,0
Arno,2016-01-08,8455
Temp,2016-01-08,0
Vandelay,2016-01-08,1569
Harper,2016-01-08,0
Harris,2016-01-08,0
Fisher,2016-01-09,0
Arno,2016-01-09,0
Temp,2016-01-09,0
Vandelay,2016-01-09,0
Harper,2016-01-09,0
Harris,2016-01-09,0
Fisher,2016-01-10,0
Arno,2016-01-10,0
Temp,2016-01-10,0
Vandelay,2016-01-10,0
Harper,2016-01-10,0
Harris,2016-01-10,0
Fisher,2016-01-11,4085
Arno,2016-01-11,7291
Temp,2016-01-11,0
Vandelay,2016-01-11,1222
Harper,2016-01-11,10943
Harris,2016-01-11,32416
Fisher,2016-01-12,2931
Arno,2016-01-12,0
Temp,2016-01-12,0
Vandelay,2016-01-12,641
Harper,2016-01-12,0
Harris,2016-01-12,6175
Fisher,2016-01-13,0
Arno,2016-01-13,0
Temp,2016-01-13,0
Vandelay,2016-01-13,887
Harper,2016-01-13,7236
Harris,2016-01-13,6550
Fisher,2016-01-14,0
Arno,2016-01-14,0
Temp,2016-01-14,0
Vandelay,2016-01-14,1054
Harper,2016-01-14,5271
Harris,2016-01-14,3807
Fisher,2016-01-15,15
Arno,2016-01-15,7675
Temp,2016-01-15,0
Vandelay,2016-01-15,1185
Harper,2016-01-15,0
Harris,2016-01-15,4701
Fisher,2016-01-16,0
Arno,2016-01-16,0
Temp,2016-01-16,0
Vandelay,2016-01-16,0
Harper,2016-01-16,0
Harris,2016-01-16,0
Fisher,2016-01-17,0
Arno,2016-01-17,0
Temp,2016-01-17,0
Vandelay,2016-01-17,0
Harper,2016-01-17,0
Harris,2016-01-17,0
Fisher,2016-01-18,3131
Arno,2016-01-18,8616
Temp,2016-01-18,0
Vandelay,2016-01-18,920
Harper,2016-01-18,525
Harris,2016-01-18,36286
Fisher,2016-01-19,10660
Arno,2016-01-19,0
Temp,2016-01-19,0
Vandelay,2016-01-19,558
Harper,2016-01-19,23205
Harris,2016-01-19,4864
Fisher,2016-01-20,0
Arno,2016-01-20,0
Temp,2016-01-20,0
Vandelay,2016-01-20,0
Harper,2016-01-20,5350
Harris,2016-01-20,5633
Fisher,2016-01-21,0
Arno,2016-01-21,0
Temp,2016-01-21,0
Vandelay,2016-01-21,1856
Harper,2016-01-21,2980
Harris,2016-01-21,4085
Fisher,2016-01-22,0
Arno,2016-01-22,8263
Temp,2016-01-22,0
Vandelay,2016-01-22,628
Harper,2016-01-22,30
Harris,2016-01-22,5522
Fisher,2016-01-23,0
Arno,2016-01-23,915
Temp,2016-01-23,0
Vandelay,2016-01-23,0
Harper,2016-01-23,0
Harris,2016-01-23,0
Fisher,2016-01-24,0
Arno,2016-01-24,0
Temp,2016-01-24,0
Vandelay,2016-01-24,0
Harper,2016-01-24,0
Harris,2016-01-24,0
Fisher,2016-01-25,4220
Arno,2016-01-25,6658
Temp,2016-01-25,0
Vandelay,2016-01-25,842
Harper,2016-01-25,16136
Harris,2016-01-25,43960
Fisher,2016-01-26,1190
Arno,2016-01-26,0
Temp,2016-01-26,40
Vandelay,2016-01-26,1924
Harper,2016-01-26,2658
Harris,2016-01-26,3354
Fisher,2016-01-27,0
Arno,2016-01-27,0
Temp,2016-01-27,0
Vandelay,2016-01-27,1817
Harper,2016-01-27,7222
Harris,2016-01-27,6930
Fisher,2016-01-28,0
Arno,2016-01-28,15
Temp,2016-01-28,0
Vandelay,2016-01-28,1065
Harper,2016-01-28,4962
Harris,2016-01-28,3570
Fisher,2016-01-29,0
Arno,2016-01-29,5214
Temp,2016-01-29,0
Vandelay,2016-01-29,319
Harper,2016-01-29,0
Harris,2016-01-29,7415
Fisher,2016-01-30,0
Arno,2016-01-30,0
Temp,2016-01-30,0
Vandelay,2016-01-30,0
Harper,2016-01-30,0
Harris,2016-01-30,0
Fisher,2016-01-31,0
Arno,2016-01-31,0
Temp,2016-01-31,0
Vandelay,2016-01-31,0
Harper,2016-01-31,0
Harris,2016-01-31,0
Fisher,2016-02-01,3590
Arno,2016-02-01,4995
Temp,2016-02-01,0
Vandelay,2016-02-01,759
Harper,2016-02-01,0
Harris,2016-02-01,22911
Fisher,2016-02-02,2825
Arno,2016-02-02,0
Temp,2016-02-02,0
Vandelay,2016-02-02,830
Harper,2016-02-02,0
Harris,2016-02-02,5556
Fisher,2016-02-03,0
Arno,2016-02-03,0
Temp,2016-02-03,0
Vandelay,2016-02-03,2734
Harper,2016-02-03,6806
Harris,2016-02-03,7395
Fisher,2016-02-04,0
Arno,2016-02-04,0
Temp,2016-02-04,0
Vandelay,2016-02-04,807
Harper,2016-02-04,3725
Harris,2016-02-04,4533
Fisher,2016-02-05,0
Arno,2016-02-05,5904
Temp,2016-02-05,0
Vandelay,2016-02-05,2180
Harper,2016-02-05,0
Harris,2016-02-05,5310
Fisher,2016-02-06,0
Arno,2016-02-06,1330
Temp,2016-02-06,0
Vandelay,2016-02-06,0
Harper,2016-02-06,0
Harris,2016-02-06,0
Fisher,2016-02-07,0
Arno,2016-02-07,0
Temp,2016-02-07,0
Vandelay,2016-02-07,0
Harper,2016-02-07,0
Harris,2016-02-07,0
Fisher,2016-02-08,3670
Arno,2016-02-08,7230
Temp,2016-02-08,0
Vandelay,2016-02-08,1068
Harper,2016-02-08,0
Harris,2016-02-08,37773
Fisher,2016-02-09,2684
Arno,2016-02-09,13
Temp,2016-02-09,0
Vandelay,2016-02-09,1699
Harper,2016-02-09,0
Harris,2016-02-09,5773
Fisher,2016-02-10,0
Arno,2016-02-10,0
Temp,2016-02-10,0
Vandelay,2016-02-10,1346
Harper,2016-02-10,7099
Harris,2016-02-10,6292
Fisher,2016-02-11,0
Arno,2016-02-11,0
Temp,2016-02-11,0
Vandelay,2016-02-11,75
Harper,2016-02-11,3546
Harris,2016-02-11,3260
Fisher,2016-02-12,0
Arno,2016-02-12,9092
Temp,2016-02-12,0
Vandelay,2016-02-12,2738
Harper,2016-02-12,401
Harris,2016-02-12,7255
Fisher,2016-02-13,0
Arno,2016-02-13,0
Temp,2016-02-13,0
Vandelay,2016-02-13,0
Harper,2016-02-13,0
Harris,2016-02-13,0
Fisher,2016-02-14,0
Arno,2016-02-14,0
Temp,2016-02-14,0
Vandelay,2016-02-14,0
Harper,2016-02-14,0
Harris,2016-02-14,0
Fisher,2016-02-15,0
Arno,2016-02-15,0
Temp,2016-02-15,0
Vandelay,2016-02-15,0
Harper,2016-02-15,0
Harris,2016-02-15,32836
Fisher,2016-02-16,2900
Arno,2016-02-16,16
Temp,2016-02-16,0
Vandelay,2016-02-16,614
Harper,2016-02-16,0
Harris,2016-02-16,6820
Fisher,2016-02-17,0
Arno,2016-02-17,0
Temp,2016-02-17,0
Vandelay,2016-02-17,2777
Harper,2016-02-17,250
Harris,2016-02-17,10940
Fisher,2016-02-18,0
Arno,2016-02-18,0
Temp,2016-02-18,0
Vandelay,2016-02-18,2622
Harper,2016-02-18,3280
Harris,2016-02-18,3905
Fisher,2016-02-19,0
Arno,2016-02-19,7394
Temp,2016-02-19,0
Vandelay,2016-02-19,1978
Harper,2016-02-19,0
Harris,2016-02-19,7197
Fisher,2016-02-20,0
Arno,2016-02-20,1515
Temp,2016-02-20,0
Vandelay,2016-02-20,0
Harper,2016-02-20,0
Harris,2016-02-20,0
Fisher,2016-02-21,0
Arno,2016-02-21,0
Temp,2016-02-21,0
Vandelay,2016-02-21,0
Harper,2016-02-21,0
Harris,2016-02-21,0
Fisher,2016-02-22,3050
Arno,2016-02-22,8159
Temp,2016-02-22,0
Vandelay,2016-02-22,144
Harper,2016-02-22,0
Harris,2016-02-22,33179
Fisher,2016-02-23,3525
Arno,2016-02-23,0
Temp,2016-02-23,0
Vandelay,2016-02-23,2370
Harper,2016-02-23,0
Harris,2016-02-23,6698
Fisher,2016-02-24,265
Arno,2016-02-24,0
Temp,2016-02-24,0
Vandelay,2016-02-24,0
Harper,2016-02-24,8468
Harris,2016-02-24,7704
Fisher,2016-02-25,0
Arno,2016-02-25,0
Temp,2016-02-25,0
Vandelay,2016-02-25,826
Harper,2016-02-25,4247
Harris,2016-02-25,3287
Fisher,2016-02-26,0
Arno,2016-02-26,7773
Temp,2016-02-26,0
Vandelay,2016-02-26,641
Harper,2016-02-26,0
Harris,2016-02-26,2685
Fisher,2016-02-27,0
Arno,2016-02-27,0
Temp,2016-02-27,0
Vandelay,2016-02-27,0
Harper,2016-02-27,0
Harris,2016-02-27,0
Fisher,2016-02-28,0
Arno,2016-02-28,0
Temp,2016-02-28,0
Vandelay,2016-02-28,0
Harper,2016-02-28,1016
Harris,2016-02-28,0
Fisher,2016-02-29,4529
Arno,2016-02-29,8610
Temp,2016-02-29,25
Vandelay,2016-02-29,747
Harper,2016-02-29,0
Harris,2016-02-29,25372
Fisher,2016-03-01,1890
Arno,2016-03-01,12
Temp,2016-03-01,0
Vandelay,2016-03-01,1110
Harper,2016-03-01,0
Harris,2016-03-01,4618
Fisher,2016-03-02,0
Arno,2016-03-02,0
Temp,2016-03-02,0
Vandelay,2016-03-02,975
Harper,2016-03-02,6485
Harris,2016-03-02,7598
Fisher,2016-03-03,0
Arno,2016-03-03,0
Temp,2016-03-03,0
Vandelay,2016-03-03,1008
Harper,2016-03-03,3010
Harris,2016-03-03,5080
Fisher,2016-03-04,255
Arno,2016-03-04,7810
Temp,2016-03-04,0
Vandelay,2016-03-04,3381
Harper,2016-03-04,0
Harris,2016-03-04,8277
Fisher,2016-03-05,0
Arno,2016-03-05,1300
Temp,2016-03-05,0
Vandelay,2016-03-05,0
Harper,2016-03-05,0
Harris,2016-03-05,0
Fisher,2016-03-06,0
Arno,2016-03-06,0
Temp,2016-03-06,0
Vandelay,2016-03-06,0
Harper,2016-03-06,0
Harris,2016-03-06,40
Fisher,2016-03-07,2735
Arno,2016-03-07,7876
Temp,2016-03-07,0
Vandelay,2016-03-07,794
Harper,2016-03-07,0
Harris,2016-03-07,34855
Fisher,2016-03-08,2088
Arno,2016-03-08,0
Temp,2016-03-08,0
Vandelay,2016-03-08,597
Harper,2016-03-08,0
Harris,2016-03-08,6598
Fisher,2016-03-09,0
Arno,2016-03-09,0
Temp,2016-03-09,0
Vandelay,2016-03-09,2433
Harper,2016-03-09,258
Harris,2016-03-09,7548
Fisher,2016-03-10,0
Arno,2016-03-10,0
Temp,2016-03-10,0
Vandelay,2016-03-10,451
Harper,2016-03-10,0
Harris,2016-03-10,6241
Fisher,2016-03-11,0
Arno,2016-03-11,8189
Temp,2016-03-11,0
Vandelay,2016-03-11,709
Harper,2016-03-11,0
Harris,2016-03-11,5972
Fisher,2016-03-12,0
Arno,2016-03-12,0
Temp,2016-03-12,0
Vandelay,2016-03-12,0
Harper,2016-03-12,0
Harris,2016-03-12,730
Fisher,2016-03-13,0
Arno,2016-03-13,0
Temp,2016-03-13,0
Vandelay,2016-03-13,0
Harper,2016-03-13,0
Harris,2016-03-13,1510
Fisher,2016-03-14,4228
Arno,2016-03-14,5480
Temp,2016-03-14,0
Vandelay,2016-03-14,1129
Harper,2016-03-14,0
Harris,2016-03-14,27150
Fisher,2016-03-15,3263
Arno,2016-03-15,0
Temp,2016-03-15,0
Vandelay,2016-03-15,1674
Harper,2016-03-15,0
Harris,2016-03-15,7449
Fisher,2016-03-16,0
Arno,2016-03-16,0
Temp,2016-03-16,0
Vandelay,2016-03-16,1149
Harper,2016-03-16,8570
Harris,2016-03-16,7469
Fisher,2016-03-17,0
Arno,2016-03-17,0
Temp,2016-03-17,0
Vandelay,2016-03-17,1149
Harper,2016-03-17,2720
Harris,2016-03-17,3807
Fisher,2016-03-18,0
Arno,2016-03-18,4776
Temp,2016-03-18,72
Vandelay,2016-03-18,0
Harper,2016-03-18,0
Harris,2016-03-18,6613
Fisher,2016-03-19,0
Arno,2016-03-19,1181
Temp,2016-03-19,0
Vandelay,2016-03-19,0
Harper,2016-03-19,0
Harris,2016-03-19,0
Fisher,2016-03-20,0
Arno,2016-03-20,0
Temp,2016-03-20,0
Vandelay,2016-03-20,0
Harper,2016-03-20,0
Harris,2016-03-20,0
Fisher,2016-03-21,4353
Arno,2016-03-21,6520
Temp,2016-03-21,0
Vandelay,2016-03-21,592
Harper,2016-03-21,0
Harris,2016-03-21,41487
Fisher,2016-03-22,3220
Arno,2016-03-22,0
Temp,2016-03-22,0
Vandelay,2016-03-22,659
Harper,2016-03-22,0
Harris,2016-03-22,0
Fisher,2016-03-23,0
Arno,2016-03-23,0
Temp,2016-03-23,209
Vandelay,2016-03-23,1226
Harper,2016-03-23,8720
Harris,2016-03-23,10519
Fisher,2016-03-24,0
Arno,2016-03-24,0
Temp,2016-03-24,0
Vandelay,2016-03-24,1421
Harper,2016-03-24,1516
Harris,2016-03-24,4586
Fisher,2016-03-25,0
Arno,2016-03-25,6512
Temp,2016-03-25,0
Vandelay,2016-03-25,2095
Harper,2016-03-25,207
Harris,2016-03-25,7540
Fisher,2016-03-26,0
Arno,2016-03-26,0
Temp,2016-03-26,0
Vandelay,2016-03-26,0
Harper,2016-03-26,0
Harris,2016-03-26,0
Fisher,2016-03-27,0
Arno,2016-03-27,0
Temp,2016-03-27,0
Vandelay,2016-03-27,0
Harper,2016-03-27,0
Harris,2016-03-27,0
Fisher,2016-03-28,2379
Arno,2016-03-28,3717
Temp,2016-03-28,0
Vandelay,2016-03-28,948
Harper,2016-03-28,0
Harris,2016-03-28,36155
Fisher,2016-03-29,3872
Arno,2016-03-29,160
Temp,2016-03-29,0
Vandelay,2016-03-29,2214
Harper,2016-03-29,0
Harris,2016-03-29,7353
Fisher,2016-03-30,0
Arno,2016-03-30,0
Temp,2016-03-30,0
Vandelay,2016-03-30,1725
Harper,2016-03-30,5460
Harris,2016-03-30,7900
Fisher,2016-03-31,0
Arno,2016-03-31,0
Temp,2016-03-31,0
Vandelay,2016-03-31,1589
Harper,2016-03-31,3160
Harris,2016-03-31,3597
Fisher,2016-04-01,0
Arno,2016-04-01,5742
Temp,2016-04-01,0
Vandelay,2016-04-01,1069
Harper,2016-04-01,75
Harris,2016-04-01,4942
Fisher,2016-04-02,0
Arno,2016-04-02,1781
Temp,2016-04-02,0
Vandelay,2016-04-02,0
Harper,2016-04-02,0
Harris,2016-04-02,0
Fisher,2016-04-03,0
Arno,2016-04-03,0
Temp,2016-04-03,0
Vandelay,2016-04-03,0
Harper,2016-04-03,0
Harris,2016-04-03,0
Fisher,2016-04-04,3791
Arno,2016-04-04,6043
Temp,2016-04-04,0
Vandelay,2016-04-04,3237
Harper,2016-04-04,176
Harris,2016-04-04,30930
Fisher,2016-04-05,216
Arno,2016-04-05,0
Temp,2016-04-05,0
Vandelay,2016-04-05,3023
Harper,2016-04-05,0
Harris,2016-04-05,7245
Fisher,2016-04-06,0
Arno,2016-04-06,0
Temp,2016-04-06,0
Vandelay,2016-04-06,3131
Harper,2016-04-06,9160
Harris,2016-04-06,9250
Fisher,2016-04-07,227
Arno,2016-04-07,0
Temp,2016-04-07,0
Vandelay,2016-04-07,1316
Harper,2016-04-07,215
Harris,2016-04-07,2828
Fisher,2016-04-08,0
Arno,2016-04-08,8434
Temp,2016-04-08,0
Vandelay,2016-04-08,3188
Harper,2016-04-08,0
Harris,2016-04-08,6861
Fisher,2016-04-09,0
Arno,2016-04-09,0
Temp,2016-04-09,0
Vandelay,2016-04-09,0
Harper,2016-04-09,0
Harris,2016-04-09,0
Fisher,2016-04-10,0
Arno,2016-04-10,0
Temp,2016-04-10,0
Vandelay,2016-04-10,0
Harper,2016-04-10,0
Harris,2016-04-10,0
Fisher,2016-04-11,3182
Arno,2016-04-11,7389
Temp,2016-04-11,0
Vandelay,2016-04-11,1547
Harper,2016-04-11,105
Harris,2016-04-11,41711
Fisher,2016-04-12,3577
Arno,2016-04-12,0
Temp,2016-04-12,0
Vandelay,2016-04-12,514
Harper,2016-04-12,0
Harris,2016-04-12,9356
Fisher,2016-04-13,0
Arno,2016-04-13,0
Temp,2016-04-13,0
Vandelay,2016-04-13,1370
Harper,2016-04-13,0
Harris,2016-04-13,7014
Fisher,2016-04-14,0
Arno,2016-04-14,0
Temp,2016-04-14,0
Vandelay,2016-04-14,2249
Harper,2016-04-14,441
Harris,2016-04-14,25343
Fisher,2016-04-15,0
Arno,2016-04-15,8204
Temp,2016-04-15,0
Vandelay,2016-04-15,2416
Harper,2016-04-15,0
Harris,2016-04-15,7792
Fisher,2016-04-16,0
Arno,2016-04-16,1825
Temp,2016-04-16,0
Vandelay,2016-04-16,0
Harper,2016-04-16,0
Harris,2016-04-16,2000
Fisher,2016-04-17,0
Arno,2016-04-17,0
Temp,2016-04-17,0
Vandelay,2016-04-17,0
Harper,2016-04-17,0
Harris,2016-04-17,0
Fisher,2016-04-18,3408
Arno,2016-04-18,6384
Temp,2016-04-18,0
Vandelay,2016-04-18,962
Harper,2016-04-18,0
Harris,2016-04-18,28448
Fisher,2016-04-19,2392
Arno,2016-04-19,0
Temp,2016-04-19,0
Vandelay,2016-04-19,515
Harper,2016-04-19,127
Harris,2016-04-19,7082
Fisher,2016-04-20,0
Arno,2016-04-20,0
Temp,2016-04-20,0
Vandelay,2016-04-20,2459
Harper,2016-04-20,8704
Harris,2016-04-20,7600
Fisher,2016-04-21,0
Arno,2016-04-21,0
Temp,2016-04-21,0
Vandelay,2016-04-21,1453
Harper,2016-04-21,3187
Harris,2016-04-21,4160
Fisher,2016-04-22,0
Arno,2016-04-22,7775
Temp,2016-04-22,0
Vandelay,2016-04-22,2348
Harper,2016-04-22,0
Harris,2016-04-22,8485
Fisher,2016-04-23,0
Arno,2016-04-23,0
Temp,2016-04-23,0
Vandelay,2016-04-23,0
Harper,2016-04-23,0
Harris,2016-04-23,0
Fisher,2016-04-24,0
Arno,2016-04-24,0
Temp,2016-04-24,0
Vandelay,2016-04-24,0
Harper,2016-04-24,0
Harris,2016-04-24,0
Fisher,2016-04-25,2403
Arno,2016-04-25,5534
Temp,2016-04-25,0
Vandelay,2016-04-25,250
Harper,2016-04-25,0
Harris,2016-04-25,37879
Fisher,2016-04-26,4163
Arno,2016-04-26,9
Temp,2016-04-26,0
Vandelay,2016-04-26,815
Harper,2016-04-26,0
Harris,2016-04-26,7476
Fisher,2016-04-27,0
Arno,2016-04-27,0
Temp,2016-04-27,0
Vandelay,2016-04-27,1288
Harper,2016-04-27,6736
Harris,2016-04-27,13868
Fisher,2016-04-28,0
Arno,2016-04-28,0
Temp,2016-04-28,0
Vandelay,2016-04-28,852
Harper,2016-04-28,3733
Harris,2016-04-28,2829
Fisher,2016-04-29,1
Arno,2016-04-29,7340
Temp,2016-04-29,0
Vandelay,2016-04-29,145
Harper,2016-04-29,0
Harris,2016-04-29,10836
Fisher,2016-04-30,0
Arno,2016-04-30,1684
Temp,2016-04-30,0
Vandelay,2016-04-30,0
Harper,2016-04-30,0
Harris,2016-04-30,0
Fisher,2016-05-01,0
Arno,2016-05-01,0
Temp,2016-05-01,0
Vandelay,2016-05-01,0
Harper,2016-05-01,0
Harris,2016-05-01,0
Fisher,2016-05-02,2782
Arno,2016-05-02,4538
Temp,2016-05-02,0
Vandelay,2016-05-02,2868
Harper,2016-05-02,0
Harris,2016-05-02,40148
Fisher,2016-05-03,1968
Arno,2016-05-03,0
Temp,2016-05-03,0
Vandelay,2016-05-03,753
Harper,2016-05-03,0
Harris,2016-05-03,7757
Fisher,2016-05-04,0
Arno,2016-05-04,0
Temp,2016-05-04,0
Vandelay,2016-05-04,1065
Harper,2016-05-04,8324
Harris,2016-05-04,9986
Fisher,2016-05-05,125
Arno,2016-05-05,8
Temp,2016-05-05,0
Vandelay,2016-05-05,743
Harper,2016-05-05,4236
Harris,2016-05-05,3141
Fisher,2016-05-06,50
Arno,2016-05-06,6744
Temp,2016-05-06,0
Vandelay,2016-05-06,1996
Harper,2016-05-06,541
Harris,2016-05-06,8172
Fisher,2016-05-07,0
Arno,2016-05-07,0
Temp,2016-05-07,0
Vandelay,2016-05-07,0
Harper,2016-05-07,0
Harris,2016-05-07,0
Fisher,2016-05-08,0
Arno,2016-05-08,0
Temp,2016-05-08,0
Vandelay,2016-05-08,0
Harper,2016-05-08,0
Harris,2016-05-08,0
Fisher,2016-05-09,3178
Arno,2016-05-09,6164
Temp,2016-05-09,0
Vandelay,2016-05-09,598
Harper,2016-05-09,176
Harris,2016-05-09,39157
Fisher,2016-05-10,2099
Arno,2016-05-10,0
Temp,2016-05-10,0
Vandelay,2016-05-10,1663
Harper,2016-05-10,0
Harris,2016-05-10,6921
Fisher,2016-05-11,0
Arno,2016-05-11,0
Temp,2016-05-11,0
Vandelay,2016-05-11,2829
Harper,2016-05-11,9081
Harris,2016-05-11,12030
Fisher,2016-05-12,0
Arno,2016-05-12,0
Temp,2016-05-12,0
Vandelay,2016-05-12,570
Harper,2016-05-12,4382
Harris,2016-05-12,4542
Fisher,2016-05-13,0
Arno,2016-05-13,7757
Temp,2016-05-13,0
Vandelay,2016-05-13,0
Harper,2016-05-13,0
Harris,2016-05-13,10674
Fisher,2016-05-14,0
Arno,2016-05-14,2156
Temp,2016-05-14,0
Vandelay,2016-05-14,0
Harper,2016-05-14,0
Harris,2016-05-14,466
Fisher,2016-05-15,0
Arno,2016-05-15,0
Temp,2016-05-15,0
Vandelay,2016-05-15,0
Harper,2016-05-15,0
Harris,2016-05-15,171
Fisher,2016-05-16,2695
Arno,2016-05-16,5568
Temp,2016-05-16,0
Vandelay,2016-05-16,880
Harper,2016-05-16,0
Harris,2016-05-16,48563
Fisher,2016-05-17,1873
Arno,2016-05-17,1
Temp,2016-05-17,0
Vandelay,2016-05-17,1143
Harper,2016-05-17,0
Harris,2016-05-17,8416
Fisher,2016-05-18,0
Arno,2016-05-18,0
Temp,2016-05-18,0
Vandelay,2016-05-18,1865
Harper,2016-05-18,10729
Harris,2016-05-18,11290
Fisher,2016-05-19,0
Arno,2016-05-19,0
Temp,2016-05-19,0
Vandelay,2016-05-19,500
Harper,2016-05-19,4360
Harris,2016-05-19,5256
Fisher,2016-05-20,0
Arno,2016-05-20,6728
Temp,2016-05-20,0
Vandelay,2016-05-20,475
Harper,2016-05-20,160
Harris,2016-05-20,6555
Fisher,2016-05-21,0
Arno,2016-05-21,0
Temp,2016-05-21,0
Vandelay,2016-05-21,0
Harper,2016-05-21,0
Harris,2016-05-21,0
Fisher,2016-05-22,0
Arno,2016-05-22,0
Temp,2016-05-22,0
Vandelay,2016-05-22,0
Harper,2016-05-22,0
Harris,2016-05-22,0
Fisher,2016-05-23,0
Arno,2016-05-23,5151
Temp,2016-05-23,0
Vandelay,2016-05-23,1469
Harper,2016-05-23,0
Harris,2016-05-23,47887
Fisher,2016-05-24,226
Arno,2016-05-24,0
Temp,2016-05-24,0
Vandelay,2016-05-24,692
Harper,2016-05-24,0
Harris,2016-05-24,4584
Fisher,2016-05-25,0
Arno,2016-05-25,0
Temp,2016-05-25,0
Vandelay,2016-05-25,693
Harper,2016-05-25,407
Harris,2016-05-25,8299
Fisher,2016-05-26,0
Arno,2016-05-26,1
Temp,2016-05-26,0
Vandelay,2016-05-26,878
Harper,2016-05-26,0
Harris,2016-05-26,3825
Fisher,2016-05-27,0
Arno,2016-05-27,8355
Temp,2016-05-27,0
Vandelay,2016-05-27,690
Harper,2016-05-27,0
Harris,2016-05-27,19261
Fisher,2016-05-28,0
Arno,2016-05-28,0
Temp,2016-05-28,0
Vandelay,2016-05-28,0
Harper,2016-05-28,0
Harris,2016-05-28,0
Fisher,2016-05-29,0
Arno,2016-05-29,0
Temp,2016-05-29,0
Vandelay,2016-05-29,0
Harper,2016-05-29,0
Harris,2016-05-29,0
Fisher,2016-05-30,0
Arno,2016-05-30,0
Temp,2016-05-30,0
Vandelay,2016-05-30,0
Harper,2016-05-30,0
Harris,2016-05-30,0
Fisher,2016-05-31,0
Arno,2016-05-31,0
Temp,2016-05-31,0
Vandelay,2016-05-31,703
Harper,2016-05-31,0
Harris,2016-05-31,6600
Fisher,2016-06-01,0
Arno,2016-06-01,0
Temp,2016-06-01,0
Vandelay,2016-06-01,560
Harper,2016-06-01,9562
Harris,2016-06-01,6915
Fisher,2016-06-02,0
Arno,2016-06-02,0
Temp,2016-06-02,0
Vandelay,2016-06-02,280
Harper,2016-06-02,3570
Harris,2016-06-02,2933
Fisher,2016-06-03,1
Arno,2016-06-03,6584
Temp,2016-06-03,0
Vandelay,2016-06-03,0
Harper,2016-06-03,0
Harris,2016-06-03,34654
Fisher,2016-06-04,0
Arno,2016-06-04,0
Temp,2016-06-04,0
Vandelay,2016-06-04,0
Harper,2016-06-04,0
Harris,2016-06-04,0
Fisher,2016-06-05,0
Arno,2016-06-05,0
Temp,2016-06-05,0
Vandelay,2016-06-05,0
Harper,2016-06-05,0
Harris,2016-06-05,0
Fisher,2016-06-06,2749
Arno,2016-06-06,3991
Temp,2016-06-06,0
Vandelay,2016-06-06,0
Harper,2016-06-06,160
Harris,2016-06-06,40919
Fisher,2016-06-07,3455
Arno,2016-06-07,0
Temp,2016-06-07,0
Vandelay,2016-06-07,658
Harper,2016-06-07,0
Harris,2016-06-07,6257
Fisher,2016-06-08,0
Arno,2016-06-08,0
Temp,2016-06-08,0
Vandelay,2016-06-08,768
Harper,2016-06-08,7917
Harris,2016-06-08,8217
Fisher,2016-06-09,0
Arno,2016-06-09,0
Temp,2016-06-09,0
Vandelay,2016-06-09,1403
Harper,2016-06-09,4002
Harris,2016-06-09,32153
Fisher,2016-06-10,0
Arno,2016-06-10,8977
Temp,2016-06-10,15
Vandelay,2016-06-10,0
Harper,2016-06-10,0
Harris,2016-06-10,6300
Fisher,2016-06-11,0
Arno,2016-06-11,2294
Temp,2016-06-11,0
Vandelay,2016-06-11,0
Harper,2016-06-11,0
Harris,2016-06-11,800
Fisher,2016-06-12,0
Arno,2016-06-12,0
Temp,2016-06-12,0
Vandelay,2016-06-12,0
Harper,2016-06-12,0
Harris,2016-06-12,0
Fisher,2016-06-13,2886
Arno,2016-06-13,4616
Temp,2016-06-13,0
Vandelay,2016-06-13,0
Harper,2016-06-13,0
Harris,2016-06-13,42472
Fisher,2016-06-14,2472
Arno,2016-06-14,0
Temp,2016-06-14,0
Vandelay,2016-06-14,0
Harper,2016-06-14,0
Harris,2016-06-14,9454
Fisher,2016-06-15,0
Arno,2016-06-15,362
Temp,2016-06-15,0
Vandelay,2016-06-15,0
Harper,2016-06-15,362
Harris,2016-06-15,7426
Fisher,2016-06-16,0
Arno,2016-06-16,0
Temp,2016-06-16,0
Vandelay,2016-06-16,0
Harper,2016-06-16,172
Harris,2016-06-16,0
Fisher,2016-06-17,0
Arno,2016-06-17,7672
Temp,2016-06-17,260
Vandelay,2016-06-17,0
Harper,2016-06-17,0
Harris,2016-06-17,13716
Fisher,2016-06-18,0
Arno,2016-06-18,0
Temp,2016-06-18,0
Vandelay,2016-06-18,0
Harper,2016-06-18,0
Harris,2016-06-18,0
Fisher,2016-06-19,0
Arno,2016-06-19,0
Temp,2016-06-19,0
Vandelay,2016-06-19,0
Harper,2016-06-19,0
Harris,2016-06-19,0
Fisher,2016-06-20,2748
Arno,2016-06-20,6588
Temp,2016-06-20,0
Vandelay,2016-06-20,0
Harper,2016-06-20,0
Harris,2016-06-20,41052
Fisher,2016-06-21,2435
Arno,2016-06-21,15
Temp,2016-06-21,0
Vandelay,2016-06-21,0
Harper,2016-06-21,0
Harris,2016-06-21,7432
Fisher,2016-06-22,0
Arno,2016-06-22,0
Temp,2016-06-22,0
Vandelay,2016-06-22,0
Harper,2016-06-22,8672
Harris,2016-06-22,8790
Fisher,2016-06-23,0
Arno,2016-06-23,0
Temp,2016-06-23,0
Vandelay,2016-06-23,0
Harper,2016-06-23,3965
Harris,2016-06-23,18029
Fisher,2016-06-24,0
Arno,2016-06-24,6412
Temp,2016-06-24,0
Vandelay,2016-06-24,0
Harper,2016-06-24,0
Harris,2016-06-24,22366
Fisher,2016-06-25,0
Arno,2016-06-25,2394
Temp,2016-06-25,0
Vandelay,2016-06-25,0
Harper,2016-06-25,0
Harris,2016-06-25,0
Fisher,2016-06-26,0
Arno,2016-06-26,0
Temp,2016-06-26,0
Vandelay,2016-06-26,0
Harper,2016-06-26,0
Harris,2016-06-26,0
Fisher,2016-06-27,3547
Arno,2016-06-27,4392
Temp,2016-06-27,0
Vandelay,2016-06-27,0
Harper,2016-06-27,35
Harris,2016-06-27,34843
Fisher,2016-06-28,3475
Arno,2016-06-28,0
Temp,2016-06-28,0
Vandelay,2016-06-28,0
Harper,2016-06-28,0
Harris,2016-06-28,8420
Fisher,2016-06-29,0
Arno,2016-06-29,0
Temp,2016-06-29,0
Vandelay,2016-06-29,0
Harper,2016-06-29,7720
Harris,2016-06-29,9143
Fisher,2016-06-30,0
Arno,2016-06-30,0
Temp,2016-06-30,0
Vandelay,2016-06-30,0
Harper,2016-06-30,2935
Harris,2016-06-30,51083
Fisher,2016-07-01,0
Arno,2016-07-01,8071
Temp,2016-07-01,0
Vandelay,2016-07-01,0
Harper,2016-07-01,0
Harris,2016-07-01,3847
Fisher,2016-07-02,0
Arno,2016-07-02,0
Temp,2016-07-02,0
Vandelay,2016-07-02,0
Harper,2016-07-02,0
Harris,2016-07-02,0
Fisher,2016-07-03,0
Arno,2016-07-03,0
Temp,2016-07-03,0
Vandelay,2016-07-03,0
Harper,2016-07-03,0
Harris,2016-07-03,0
Fisher,2016-07-04,0
Arno,2016-07-04,0
Temp,2016-07-04,0
Vandelay,2016-07-04,0
Harper,2016-07-04,0
Harris,2016-07-04,0
Fisher,2016-07-05,2513
Arno,2016-07-05,0
Temp,2016-07-05,0
Vandelay,2016-07-05,0
Harper,2016-07-05,0
Harris,2016-07-05,7673
Fisher,2016-07-06,0
Arno,2016-07-06,0
Temp,2016-07-06,0
Vandelay,2016-07-06,0
Harper,2016-07-06,4028
Harris,2016-07-06,7276
Fisher,2016-07-07,0
Arno,2016-07-07,0
Temp,2016-07-07,0
Vandelay,2016-07-07,0
Harper,2016-07-07,3290
Harris,2016-07-07,4047
Fisher,2016-07-08,0
Arno,2016-07-08,7683
Temp,2016-07-08,0
Vandelay,2016-07-08,0
Harper,2016-07-08,0
Harris,2016-07-08,6537
Fisher,2016-07-09,0
Arno,2016-07-09,2626
Temp,2016-07-09,0
Vandelay,2016-07-09,0
Harper,2016-07-09,0
Harris,2016-07-09,0
Fisher,2016-07-10,0
Arno,2016-07-10,0
Temp,2016-07-10,0
Vandelay,2016-07-10,0
Harper,2016-07-10,0
Harris,2016-07-10,0
Fisher,2016-07-11,4106
Arno,2016-07-11,5442
Temp,2016-07-11,0
Vandelay,2016-07-11,0
Harper,2016-07-11,0
Harris,2016-07-11,43290
Fisher,2016-07-12,1583
Arno,2016-07-12,0
Temp,2016-07-12,0
Vandelay,2016-07-12,0
Harper,2016-07-12,0
Harris,2016-07-12,6180
Fisher,2016-07-13,0
Arno,2016-07-13,0
Temp,2016-07-13,0
Vandelay,2016-07-13,0
Harper,2016-07-13,192
Harris,2016-07-13,7017
Fisher,2016-07-14,0
Arno,2016-07-14,0
Temp,2016-07-14,0
Vandelay,2016-07-14,0
Harper,2016-07-14,0
Harris,2016-07-14,15616
Fisher,2016-07-15,0
Arno,2016-07-15,6157
Temp,2016-07-15,0
Vandelay,2016-07-15,0
Harper,2016-07-15,0
Harris,2016-07-15,8562
Fisher,2016-07-16,0
Arno,2016-07-16,0
Temp,2016-07-16,0
Vandelay,2016-07-16,0
Harper,2016-07-16,0
Harris,2016-07-16,0
Fisher,2016-07-17,0
Arno,2016-07-17,0
Temp,2016-07-17,0
Vandelay,2016-07-17,0
Harper,2016-07-17,0
Harris,2016-07-17,0
Fisher,2016-07-18,3450
Arno,2016-07-18,5930
Temp,2016-07-18,0
Vandelay,2016-07-18,0
Harper,2016-07-18,0
Harris,2016-07-18,30239
Fisher,2016-07-19,2915
Arno,2016-07-19,0
Temp,2016-07-19,0
Vandelay,2016-07-19,0
Harper,2016-07-19,0
Harris,2016-07-19,6289
Fisher,2016-07-20,0
Arno,2016-07-20,0
Temp,2016-07-20,0
Vandelay,2016-07-20,0
Harper,2016-07-20,7653
Harris,2016-07-20,9084
Fisher,2016-07-21,0
Arno,2016-07-21,0
Temp,2016-07-21,0
Vandelay,2016-07-21,0
Harper,2016-07-21,4249
Harris,2016-07-21,4155
Fisher,2016-07-22,0
Arno,2016-07-22,9001
Temp,2016-07-22,0
Vandelay,2016-07-22,0
Harper,2016-07-22,0
Harris,2016-07-22,3410
Fisher,2016-07-23,0
Arno,2016-07-23,1920
Temp,2016-07-23,0
Vandelay,2016-07-23,0
Harper,2016-07-23,0
Harris,2016-07-23,0
Fisher,2016-07-24,0
Arno,2016-07-24,0
Temp,2016-07-24,0
Vandelay,2016-07-24,0
Harper,2016-07-24,0
Harris,2016-07-24,0
Fisher,2016-07-25,3263
Arno,2016-07-25,6227
Temp,2016-07-25,0
Vandelay,2016-07-25,0
Harper,2016-07-25,0
Harris,2016-07-25,32540
Fisher,2016-07-26,3022
Arno,2016-07-26,0
Temp,2016-07-26,0
Vandelay,2016-07-26,0
Harper,2016-07-26,0
Harris,2016-07-26,9925
Fisher,2016-07-27,0
Arno,2016-07-27,0
Temp,2016-07-27,0
Vandelay,2016-07-27,0
Harper,2016-07-27,9526
Harris,2016-07-27,6739
Fisher,2016-07-28,0
Arno,2016-07-28,0
Temp,2016-07-28,0
Vandelay,2016-07-28,0
Harper,2016-07-28,3395
Harris,2016-07-28,20899
Fisher,2016-07-29,0
Arno,2016-07-29,8557
Temp,2016-07-29,0
Vandelay,2016-07-29,0
Harper,2016-07-29,0
Harris,2016-07-29,9428
Fisher,2016-07-30,0
Arno,2016-07-30,0
Temp,2016-07-30,0
Vandelay,2016-07-30,0
Harper,2016-07-30,0
Harris,2016-07-30,463
Fisher,2016-07-31,0
Arno,2016-07-31,0
Temp,2016-07-31,0
Vandelay,2016-07-31,0
Harper,2016-07-31,0
Harris,2016-07-31,0